Participant_number,Questionnaire_startTime,Questionnaire_endTime,TrialDuration,Focus,Future,Past,Self,Other,Emotion,Modality,Detailed,Deliberate,Problem,Diversity,Intrusive,Source,Arousal,Tense,Uncertainty
001,0,0,0,7.399999999999993,5.5,3.4000000000000004,6.699999999999996,7.399999999999993,5.5,2.6999999999999997,7.8999999999999915,5.5,5.5,8.799999999999988,5.5,5.5,2.9,7.399999999999993,3.4000000000000004
